sentence1,sentence2,label,target,nes,log_prob_aff,log_prob_neg,failure
Being punctual at work leads to a good reputation,Being punctual at work but not having a good reputation,1, reputation,2.1587634086608887,-5.6758317947387695,-7.834595203399658,True
"If a person is found guilty of cyberbullying, they can be ordered to pay damages.","If a person is not found guilty of cyberbullying, they cannot be ordered to pay damages.",0,.,-0.8861064910888672,-2.0362160205841064,-1.1501095294952393,False
"If a person is found guilty of identity theft, they can be ordered to pay restitution.",A person is found guilty of identity theft and they cannot be ordered to pay restitution.,1,.,-0.9540860652923584,-1.8939672708511353,-0.9398812055587769,False
"If you complete the probation period, you will be eligible for promotion.",You complete the probation period and you will not be eligible for promotion.,1,.,-0.4751647710800171,-2.0752944946289062,-1.6001297235488892,False
"If the work isn't completed in time, penalties apply.",The work isn't completed in time and no penalties apply.,1,.,-0.2088862657546997,-0.84046870470047,-0.6315824389457703,False
"If you attend family therapy, your relationships may improve.",You attend family therapy and your relationships may not improve.,1,.,-0.12199938297271729,-1.1436039209365845,-1.0216045379638672,False
"If a person files for bankruptcy, their debts may be discharged.",A person files for bankruptcy and their debts are not discharged.,1,.,-0.4970816373825073,-2.2779557704925537,-1.7808741331100464,False
"If the invoice is disputed within days, it will be reevaluated.","The invoice isn't disputed within days, but it's still reevaluated.",0,.,0.28827226161956787,-1.4035004377365112,-1.691772699356079,True
"If a defendant pleads guilty, they waive their right to a trial.","If a defendant does not plead guilty, they waive their right to a trial.",0,.,0.00349581241607666,-1.4922969341278076,-1.4957927465438843,True
"Employees must comply with company policies, or disciplinary actions will be taken.",Employees don't comply with company policies and face no disciplinary actions.,1,.,-0.30597102642059326,-1.0995807647705078,-0.7936097383499146,False
"If a person is found guilty of insider trading, they can be ordered to pay a fine.","If a person is not found guilty of insider trading, they cannot be ordered to pay a fine.",0,.,-2.4038259983062744,-3.4460809230804443,-1.04225492477417,False
Licenses granted under this agreement shall remain valid unless revoked in writing by licensor,Licenses become invalid even when not revoked in writing,0,or,14.770571619272232,-0.33268365263938904,-15.103255271911621,True
"If the contract is signed, the project will start.",The contract is signed and the project does not start.,1,.,-2.1556687355041504,-5.951249599456787,-3.7955808639526367,False
"If a person is found guilty of extortion, they can be sentenced to prison.","If a person is not found guilty of extortion, they cannot be sentenced to prison.",0,.,-1.983375370502472,-2.9011693000793457,-0.9177939295768738,False
Force majeure events excuse both parties from their contractual obligations,No force majeure event happens but one party gets excused from their obligations anyway,0, obligations,10.27331455051899,-0.19939129054546356,-10.472705841064453,True
"If both parties agree to an extension, deadlines can be extended",Both parties agree to an extension and deadlines cannot be extended,1, extended,2.227001667022705,-2.39381742477417,-4.620819091796875,True
"If a person is found guilty of manslaughter, they can be sentenced to prison.",A person is found guilty of manslaughter and they cannot be sentenced to prison.,1,.,-2.3122044801712036,-3.467517137527466,-1.1553126573562622,False
"If you mediate your divorce, the process will be less adversarial.",You mediate your divorce and the process will not be less adversarial.,1,.,-0.37417060136795044,-1.0925660133361816,-0.7183954119682312,False
"If you use your phone while driving, you will be penalized.",You use your phone while driving and you will not be penalized.,1,.,-0.25159752368927,-1.8489891290664673,-1.5973916053771973,False
"If a person files for bankruptcy, their debts may be discharged.","If a person does not file for bankruptcy, their debts may be discharged.",0,.,-0.26073527336120605,-2.2779557704925537,-2.0172204971313477,False
Taking breaks during work increases productivity,Taking breaks during work but not increasing productivity,1, productivity,0.5974490642547607,-3.2167251110076904,-3.814174175262451,True
"If software license fees are not paid annually, access to the software may be revoked.",Software license fees are not paid annually but access to the software remains intact.,1,.,-0.3601875901222229,-0.9004565477371216,-0.5402689576148987,False
"If someone testifies falsely, they are guilty of perjury.","If someone does not testify falsely, they are guilty of perjury.",0,.,-0.0996248722076416,-0.6536685228347778,-0.5540436506271362,False
"If a person is found guilty of a crime, they can appeal their conviction.",A person is found guilty of a crime and they cannot appeal their conviction.,1,.,-1.3066369891166687,-1.9915928840637207,-0.684955894947052,False
"If a person is found guilty of intellectual property theft, they can be ordered to pay damages.",A person is found guilty of intellectual property theft and they cannot be ordered to pay damages.,1,.,-1.3471477031707764,-2.2662153244018555,-0.9190676212310791,False
"If a person is found guilty of wage theft, they can be ordered to pay back wages.",A person is found guilty of wage theft and they cannot be ordered to pay back wages.,1,.,-1.5465813875198364,-2.8256003856658936,-1.2790189981460571,False
"If you use your phone while driving, you will be penalized.","If you do not use your phone while driving, you will be penalized.",0,.,-0.23372328281402588,-1.8489891290664673,-1.6152658462524414,False
"If a person is found guilty of mail fraud, they can be sentenced to prison.",A person is found guilty of mail fraud and they cannot be sentenced to prison.,1,.,-1.9782419204711914,-3.039271354675293,-1.0610294342041016,False
"If the client is not satisfied with the final product, revisions will be made.",The client is not satisfied with the final product and no revisions are made.,1,.,-1.1285374164581299,-2.0437512397766113,-0.9152138233184814,False
"If you meet your sales targets, you will receive a bonus.",You meet your sales targets and you will not receive a bonus.,1,.,-1.410825252532959,-2.49873423576355,-1.0879089832305908,False
"If the contract is signed, the project will start.","If the contract is not signed, the project starts.",0,.,-1.9506096839904785,-5.951249599456787,-4.000639915466309,False
The warranty covers damages if regular maintenance has been performed,No regular maintenance was performed but damages are still covered by warranty,0, performed,12.819415211677551,-1.3077858686447144,-14.127201080322266,True
"If a person is found guilty of child pornography, they can be sentenced to prison.","If a person is not found guilty of child pornography, they cannot be sentenced to prison.",0,.,-1.8698768019676208,-2.6570067405700684,-0.7871299386024475,False
"If a person violates a restraining order, they can be arrested.",A person violates a restraining order and they cannot be arrested.,1,.,-0.8215079307556152,-2.4534506797790527,-1.6319427490234375,False
Saving money consistently will help you build wealth,Saving money consistently but not building wealth,1, wealth,0.3424806594848633,-3.504321813583374,-3.8468024730682373,True
"If a person is found guilty of drug possession, they can be sentenced to prison.",A person is found guilty of drug possession and they cannot be sentenced to prison.,1,.,-2.1040923595428467,-3.2157304286956787,-1.111638069152832,False
"If a person is found guilty of murder, they can be sentenced to life in prison.","If a person is not found guilty of murder, they cannot be sentenced to life in prison.",0,.,-0.47970759868621826,-1.4502480030059814,-0.9705404043197632,False
"If you drive in the designated lane, you will avoid penalties.","If you do not drive in the designated lane, you will avoid penalties.",0,.,-0.3000187873840332,-2.3854942321777344,-2.085475444793701,False
"If the invoice is disputed within days, it will be reevaluated.",The invoice is disputed within days and it's not reevaluated.,1,.,0.011608719825744629,-1.4035004377365112,-1.4151091575622559,True
Services provided under this contract shall meet industry standards,Services provided do not meet industry standards despite being under contractual obligation,1, standards,5.360993683338165,-0.7544743418693542,-6.1154680252075195,True
"If a person files a false police report, they can be charged with a crime.","If a person does not file a false police report, they cannot be charged with a crime.",0,.,-0.7202774286270142,-1.7039881944656372,-0.983710765838623,False
"If a contract is breached, the injured party can sue.",A contract is breached and the injured party cannot sue.,1,.,-1.3879895210266113,-3.4900569915771484,-2.102067470550537,False
"If a person is found guilty of treason, they can be sentenced to death.",A person is found guilty of treason and they cannot be sentenced to death.,1,.,-0.002750873565673828,-0.8784284591674805,-0.8756775856018066,False
"If you drive under the influence of alcohol, your license will be suspended.",You drive under the influence of alcohol and your license will not be suspended.,1,.,-0.45170724391937256,-1.3831150531768799,-0.9314078092575073,False
"If a person is found guilty of cyberbullying, they can be ordered to pay damages.",A person is found guilty of cyberbullying and they cannot be ordered to pay damages.,1,.,-1.0865293145179749,-2.0362160205841064,-0.9496867060661316,False
Confidentiality must be maintained unless required by law,Confidentiality is maintained even when required by law to disclose information,1, law,7.620957165956497,-0.2700454890727997,-7.891002655029297,True
"If a person is found guilty of computer hacking, they can be ordered to pay restitution.","If a person is not found guilty of computer hacking, they cannot be ordered to pay restitution.",0,.,-0.728371262550354,-1.783086895942688,-1.054715633392334,False
"If a person is found guilty of counterfeiting, they can be ordered to pay restitution.",A person is found guilty of counterfeiting and they cannot be ordered to pay restitution.,1,.,-0.9981009364128113,-1.8288654088974,-0.8307644724845886,False
"If a law is vague, it may be declared unconstitutional.","If a law is not vague, it may be declared unconstitutional.",0,.,-0.09177154302597046,-0.9694281816482544,-0.8776566386222839,False
"If a person is found guilty of harassment, they can be issued a restraining order.","If a person is not found guilty of harassment, they cannot be issued a restraining order.",0,.,-0.42593085765838623,-1.6314616203308105,-1.2055307626724243,False
"If a person is found guilty of insider trading, they can be ordered to pay a fine.",A person is found guilty of insider trading and they cannot be ordered to pay a fine.,1,.,-2.7017340660095215,-3.4460809230804443,-0.7443468570709229,False
"If a person is found guilty of fraud, they can be ordered to pay restitution.",A person is found guilty of fraud and they cannot be ordered to pay restitution.,1,.,-0.8214749693870544,-1.743349313735962,-0.9218743443489075,False
"If a person is found guilty of bank robbery, they can be sentenced to prison.","If a person is not found guilty of bank robbery, they cannot be sentenced to prison.",0,.,-2.2295168042182922,-3.160193681716919,-0.9306768774986267,False
"If a person is found guilty of child pornography, they can be sentenced to prison.",A person is found guilty of child pornography and they cannot be sentenced to prison.,1,.,-1.7271965742111206,-2.6570067405700684,-0.9298101663589478,False
"If a person files a lawsuit, they must have standing.","If a person does not file a lawsuit, they do not need to have standing.",0,.,-0.47754716873168945,-2.9397146701812744,-2.462167501449585,False
"If a person is under arrest, they must be read their Miranda rights.",A person is under arrest and they do not need to be read their Miranda rights.,1,.,-0.13835370540618896,-1.3385385274887085,-1.2001848220825195,False
"If you sign a prenuptial agreement, your assets will be protected.","If you do not sign a prenuptial agreement, your assets will be protected.",0,.,-0.05718731880187988,-2.9396376609802246,-2.8824503421783447,False
"If you are subpoenaed, you must appear in court.","If you are not subpoenaed, you do not need to appear in court.",0,.,-0.9173708558082581,-1.804852843284607,-0.8874819874763489,False
"If a person is found guilty of credit card fraud, they can be ordered to pay restitution.","If a person is not found guilty of credit card fraud, they cannot be ordered to pay restitution.",0,.,-0.7675117254257202,-1.8346987962722778,-1.0671870708465576,False
"If a person is found guilty of DUI, their driver's license can be suspended.",A person is found guilty of DUI and their driver's license is not suspended.,1,.,-0.8492010831832886,-2.3613877296447754,-1.5121866464614868,False
"If a person is found guilty of espionage, they can be sentenced to prison.",A person is found guilty of espionage and they cannot be sentenced to prison.,1,.,-2.063810110092163,-3.2733070850372314,-1.2094969749450684,False
"If you pay child support, the child's needs will be financially covered.",You pay child support and the child's needs will not be financially covered.,1,.,0.11090505123138428,-1.132165789604187,-1.2430708408355713,True
"If a person is held in contempt of court, they can be punished.",A person is held in contempt of court and they are not punished.,1,.,-2.573704719543457,-4.546154499053955,-1.972449779510498,False
"If you drive without a seatbelt, you will receive a ticket.","If you do not drive without a seatbelt, you will receive a ticket.",0,.,-0.169866681098938,-1.3693658113479614,-1.1994991302490234,False
"If a person is found guilty of tax evasion, they can be ordered to pay a fine.","If a person is not found guilty of tax evasion, they cannot be ordered to pay a fine.",0,.,-2.232908606529236,-3.3777999877929688,-1.144891381263733,False
"If a person is found guilty of identity theft, they can be sentenced to prison.",A person is found guilty of identity theft and they cannot be sentenced to prison.,1,.,-2.0984933376312256,-3.1592347621917725,-1.0607414245605469,False
"If a person is found guilty of arson, they can be sentenced to prison.",A person is found guilty of arson and they cannot be sentenced to prison.,1,.,-2.06966769695282,-3.2510786056518555,-1.1814109086990356,False
"If you provide evidence of abuse, the court may grant a restraining order.","If you do not provide evidence of abuse, the court may grant a restraining order.",0,.,-0.20771992206573486,-1.9225252866744995,-1.7148053646087646,False
"If a person is found guilty of hacking, they can be sentenced to prison.","If a person is not found guilty of hacking, they cannot be sentenced to prison.",0,.,-2.1338725090026855,-3.060476779937744,-0.9266042709350586,False
"If you follow traffic signals, you will avoid accidents.",You follow traffic signals and you will not avoid accidents.,1,.,-0.5429255366325378,-1.2006406784057617,-0.6577151417732239,False
"If you file for divorce, the court will review your case.",You file for divorce and the court will not review your case.,1,.,-0.985709547996521,-1.678816795349121,-0.6931072473526001,False
"If a person files a lawsuit, they must have standing.",A person files a lawsuit and they do not have standing.,1,.,0.7325177192687988,-2.9397146701812744,-3.6722323894500732,True
"If a person violates a restraining order, they can be arrested.","If a person does not violate a restraining order, they cannot be arrested.",0,.,-0.7926448583602905,-2.4534506797790527,-1.6608058214187622,False
"If a person is found guilty of drug trafficking, they can be sentenced to prison.",A person is found guilty of drug trafficking and they cannot be sentenced to prison.,1,.,-2.0341070890426636,-3.0318405628204346,-0.997733473777771,False
"If a person is convicted of a crime, they have a criminal record.","If a person is not convicted of a crime, they do not have a criminal record.",0,.,-0.34045910835266113,-1.14841890335083,-0.807959794998169,False
"If you obey the traffic rules, you will not be fined.",You obey the traffic rules and you will be fined.,1,.,0.3245861530303955,-0.9085205793380737,-1.2331067323684692,True
"If a person is found guilty of fraud, they can be ordered to pay a fine.","If a person is not found guilty of fraud, they cannot be ordered to pay a fine.",0,.,-2.2731744050979614,-3.3370795249938965,-1.063905119895935,False
"If you drive without a seatbelt, you will receive a ticket.",You drive without a seatbelt and you will not receive a ticket.,1,.,-0.4893079996109009,-1.3693658113479614,-0.8800578117370605,False
"If a person is found guilty of trespassing, they can be ordered to pay a fine.","If a person is not found guilty of trespassing, they cannot be ordered to pay a fine.",0,.,-2.341938018798828,-3.428532600402832,-1.086594581604004,False
"If termination occurs without cause, a severance package will be provided.",Termination occurs without cause and no severance package is provided.,1,.,-1.3162480592727661,-1.9370938539505005,-0.6208457946777344,False
"If a person is found guilty of a crime, they can appeal their conviction.","If a person is not found guilty of a crime, they cannot appeal their conviction.",0,.,-0.9271013736724854,-1.9915928840637207,-1.0644915103912354,False
"If a software bug is reported, it will be fixed within days",Software bug is reported but isn't fixed within days,1, days,-0.9291086196899414,-4.7321648597717285,-3.803056240081787,False
"If the client provides all necessary documents, the process is expedited.",The client provides all necessary documents and the process is not expedited.,1,.,-0.40345317125320435,-1.2897377014160156,-0.8862845301628113,False
"If a person is found guilty of wire fraud, they can be ordered to pay restitution.","If a person is not found guilty of wire fraud, they cannot be ordered to pay restitution.",0,.,-0.7717227935791016,-1.8577008247375488,-1.0859780311584473,False
"If a person is found guilty of money laundering, they can be ordered to pay a fine.",A person is found guilty of money laundering and they cannot be ordered to pay a fine.,1,.,-2.653974235057831,-3.461240530014038,-0.8072662949562073,False
"If payment is received on time, late fees are waived.","If payment is not received on time, late fees get waived.",0,.,0.054189980030059814,-0.7590930461883545,-0.8132830262184143,True
"If a law is passed, it becomes enforceable.",A law is passed and it does not become enforceable.,1,.,0.1826627254486084,-1.645242691040039,-1.8279054164886475,True
"If a person is found guilty of treason, they can be sentenced to death.","If a person is not found guilty of treason, they cannot be sentenced to death.",0,.,-0.08339107036590576,-0.8784284591674805,-0.7950373888015747,False
Practicing mindfulness reduces stress,Not practicing mindfulness reduces stress,0, stress,0.1350017786026001,-0.6743927001953125,-0.8093944787979126,True
Services provided under this contract shall meet industry standards,Services provided exceed industry standards even without any contractual requirement,0, standards,7.0922811627388,-0.7544743418693542,-7.846755504608154,True
Studying hard will result in good grades,Not studying hard will result in good grades,0, grades,-0.3820631355047226,-0.6115409135818481,-0.22947777807712555,False
"If a person files a false police report, they can be charged with a crime.",A person files a false police report and they cannot be charged with a crime.,1,.,-0.34023094177246094,-1.7039881944656372,-1.3637572526931763,False
"If a law violates a fundamental right, it is subject to strict scrutiny.",A law violates a fundamental right and it is not subject to strict scrutiny.,1,.,-0.1346193552017212,-1.0054047107696533,-0.8707853555679321,False
"If someone is found guilty, they will be sentenced.",Someone is found guilty and they are not sentenced.,1,.,-3.45883047580719,-4.37850284576416,-0.9196723699569702,False
Confidentiality must be maintained unless required by law,Confidential information is disclosed even without being required by law,0, law,-0.048467859625816345,-0.2700454890727997,-0.22157762944698334,False
"If you complete the probation period, you will be eligible for promotion.","If you do not complete the probation period, you will be eligible for promotion.",0,.,0.010149955749511719,-2.0752944946289062,-2.085444450378418,True
"If you provide a medical certificate, you will be granted sick leave.",You provide a medical certificate and you will not be granted sick leave.,1,.,-0.38585448265075684,-1.3132330179214478,-0.9273785352706909,False
"If you attend the required training, you will be certified.",You attend the required training and you will not be certified.,1,.,-1.8971302509307861,-3.7431631088256836,-1.8460328578948975,False
"If materials delivered are defective or damaged, they'll be replaced at no cost",Defective or damaged materials are delivered but not replaced without charge,1, cost,4.869469225406647,-0.8648905158042908,-5.7343597412109375,True
"If a speaker cancels their conference appearance, a replacement will be arranged.",The speaker cancels their appearance but no replacement is arranged.,1,.,-0.36107122898101807,-1.2344733476638794,-0.8734021186828613,False
"If you steal something, you are a thief.",You steal something and you are not a thief.,1,.,-0.033379554748535156,-0.5777776837348938,-0.5443981289863586,False
"If a legal dispute arises, parties may choose arbitration.",A legal dispute arises and parties do not choose arbitration.,1,.,-0.7907902002334595,-2.1078639030456543,-1.3170737028121948,False
"If a person is found guilty of extortion, they can be sentenced to prison.",A person is found guilty of extortion and they cannot be sentenced to prison.,1,.,-1.8610002994537354,-2.9011693000793457,-1.0401690006256104,False
"If a legal dispute arises, parties may choose arbitration.","If a legal dispute does not arise, parties may choose arbitration.",0,.,-0.19708025455474854,-2.1078639030456543,-1.9107836484909058,False
Being punctual at work leads to a good reputation,Not being punctual at work leads to a good reputation,0, reputation,-0.24785518646240234,-5.6758317947387695,-5.427976608276367,False
"If a person is granted asylum, they can stay in the country legally.",A person is granted asylum and they cannot stay in the country legally.,1,.,-0.7366663217544556,-2.0874743461608887,-1.350808024406433,False
"If a borrower defaults on their loan, the lender may seize collateral.","The borrower doesn't default on their loan, yet the lender still seizes collateral.",0,.,-1.2271928787231445,-2.6157307624816895,-1.388537883758545,False
The warranty covers damages if regular maintenance has been performed,Regular maintenance has been performed and damages are not covered by warranty,1, performed,13.213506817817688,-1.3077858686447144,-14.521292686462402,True
"If a person is found guilty of vandalism, they can be ordered to pay restitution.",A person is found guilty of vandalism and they cannot be ordered to pay restitution.,1,.,-0.7505849599838257,-1.6470072269439697,-0.896422266960144,False
"If a defendant pleads guilty, they waive their right to a trial.",A defendant pleads guilty and they do not waive their right to a trial.,1,.,-0.3839350938796997,-1.4922969341278076,-1.108361840248108,False
The company may terminate the employee for committing a serious offense.,The employee does not commit any offenses yet is still terminated by the company.,0,.,-1.109667718410492,-1.8549668788909912,-0.7452991604804993,False
Practicing mindfulness reduces stress,Practicing mindfulness but not reducing stress,1, stress,1.4235944747924805,-0.6743927001953125,-2.097987174987793,True
"If a person is found guilty of child abuse, they can lose custody of their child.","If a person is not found guilty of child abuse, they cannot lose custody of their child.",0,.,-0.42269277572631836,-1.668389916419983,-1.2456971406936646,False
"If a person is granted power of attorney, they can make decisions on behalf of another person.","If a person is not granted power of attorney, they cannot make decisions on behalf of another person.",0,.,-0.7093771696090698,-2.1627705097198486,-1.4533933401107788,False
"If a person is found guilty of espionage, they can be sentenced to prison.","If a person is not found guilty of espionage, they cannot be sentenced to prison.",0,.,-2.2907023429870605,-3.2733070850372314,-0.9826047420501709,False
"If you exceed the speed limit, you will be fined.",You exceed the speed limit and you will not be fined.,1,.,-1.7235581874847412,-2.376800775527954,-0.6532425880432129,False
"If a person is found guilty of selling counterfeit goods, they can be ordered to pay restitution.",A person is found guilty of selling counterfeit goods and they cannot be ordered to pay restitution.,1,.,-0.9413014650344849,-1.809749960899353,-0.8684484958648682,False
"If a person is found guilty of a misdemeanor, they can be sentenced to jail.","If a person is not found guilty of a misdemeanor, they cannot be sentenced to jail.",0,.,-2.034725785255432,-3.4723587036132812,-1.4376329183578491,False
"If you comply with company policies, you will have job security.",You comply with company policies and you will not have job security.,1,.,0.3195394277572632,-1.6536126136779785,-1.9731520414352417,True
The client may terminate the contract if services are unsatisfactory.,Services are satisfactory yet the client terminates the contract anyway.,0,.,-0.4220016598701477,-1.2180125713348389,-0.7960109114646912,False
"If you mediate your divorce, the process will be less adversarial.","If you do not mediate your divorce, the process will be less adversarial.",0,.,0.003993630409240723,-1.0925660133361816,-1.0965596437454224,True
"If a law violates a fundamental right, it is subject to strict scrutiny.","If a law does not violate a fundamental right, it is not subject to strict scrutiny.",0,.,-0.24933552742004395,-1.0054047107696533,-0.7560691833496094,False
"If you sign a prenuptial agreement, your assets will be protected.",You sign a prenuptial agreement and your assets will not be protected.,1,.,-0.42721104621887207,-2.9396376609802246,-2.5124266147613525,False
"If you exercise regularly and eat healthy, you will lose weight",Exercising regularly and eating healthy but not losing weight,1, weight,-0.5926085710525513,-0.7674017548561096,-0.17479318380355835,False
"If you submit your timesheet on time, your salary will be processed.","If you do not submit your timesheet on time, your salary will be processed.",0,.,0.1833934783935547,-2.613954782485962,-2.7973482608795166,True
"If a person is found guilty of forgery, they can be ordered to pay restitution.",A person is found guilty of forgery and they cannot be ordered to pay restitution.,1,.,-1.1331236958503723,-1.9995124340057373,-0.866388738155365,False
"If a person is found guilty of money laundering, they can be sentenced to prison.","If a person is not found guilty of money laundering, they cannot be sentenced to prison.",0,.,-2.366276264190674,-3.3706984519958496,-1.0044221878051758,False
"If a person is found guilty of smuggling, they can be sentenced to prison.",A person is found guilty of smuggling and they cannot be sentenced to prison.,1,.,-1.9591529369354248,-3.0770161151885986,-1.1178631782531738,False
"If a person is found guilty of drug trafficking, they can be sentenced to prison.","If a person is not found guilty of drug trafficking, they cannot be sentenced to prison.",0,.,-2.155078411102295,-3.0318405628204346,-0.8767621517181396,False
"If you follow the visitation schedule, you can maintain a relationship with your child.","If you do not follow the visitation schedule, you can maintain a relationship with your child.",0,.,0.09689545631408691,-1.933783769607544,-2.030679225921631,True
"If a tenant breaks any lease terms, eviction proceedings may commence.",A tenant follows all lease terms yet still faces eviction proceedings without reason.,0,.,-0.9730879068374634,-2.0506129264831543,-1.077525019645691,False
"If you are charged with a crime, you have the right to a lawyer.","If you are not charged with a crime, you have the right to a lawyer.",0,.,0.00955265760421753,-0.7653798460960388,-0.7749325037002563,True
"If a law is unconstitutional, it will be struck down.","If a law is not unconstitutional, it will be struck down.",0,.,-0.15700817108154297,-1.4016571044921875,-1.2446489334106445,False
"If a person is found guilty of manslaughter, they can be sentenced to prison.","If a person is not found guilty of manslaughter, they cannot be sentenced to prison.",0,.,-2.489356756210327,-3.467517137527466,-0.9781603813171387,False
"If you drive in the designated lane, you will avoid penalties.",You drive in the designated lane and you will not avoid penalties.,1,.,-1.0806260108947754,-2.3854942321777344,-1.304868221282959,False
"If a person is found guilty of embezzlement, they can be ordered to pay restitution.","If a person is not found guilty of embezzlement, they cannot be ordered to pay restitution.",0,.,-0.748875617980957,-1.8862301111221313,-1.1373544931411743,False
The company may terminate the employee for committing a serious offense.,The employee commits a serious offense but is not terminated by the company.,1,.,-0.9964276552200317,-1.8549668788909912,-0.8585392236709595,False
"If a customer finds a lower price elsewhere within days, the store will match the price.",The customer finds a lower price within days but the store refuses to match it.,1,.,-0.8776625394821167,-1.667229175567627,-0.7895666360855103,False
Drinking water frequently helps maintain proper hydration,Drinking water frequently but not maintaining proper hydration,1,ration,0.007158498279750347,-0.002746026962995529,-0.009904525242745876,True
"If a person is found guilty of insider trading, they can be sentenced to prison.","If a person is not found guilty of insider trading, they cannot be sentenced to prison.",0,.,-1.923246145248413,-2.7817018032073975,-0.8584556579589844,False
"Employees must comply with company policies, or disciplinary actions will be taken.",Employees do comply with company policies but still face disciplinary actions.,0,.,0.28319597244262695,-1.0995807647705078,-1.3827767372131348,True
"If a person is found guilty of wire fraud, they can be ordered to pay restitution.",A person is found guilty of wire fraud and they cannot be ordered to pay restitution.,1,.,-0.9816747903823853,-1.8577008247375488,-0.8760260343551636,False
The contractor must obtain necessary permits before starting work on-site.,The contractor obtains necessary permits but delays starting work on-site without reason,0,.,7.941911578178406,-0.9339562654495239,-8.87586784362793,True
Drinking water frequently helps maintain proper hydration,Not drinking water frequently helps maintain proper hydration,0,ration,-0.0001178195234388113,-0.002746026962995529,-0.002628207439556718,False
The provider must give days' notice before terminating the contract.,The provider gives more than days' notice and still cannot terminate it early,0,.,-0.2593313455581665,-1.1252455711364746,-0.8659142255783081,False
"If you attend the required training, you will be certified.","If you do not attend the required training, you will be certified.",0,.,0.05950355529785156,-3.7431631088256836,-3.802666664123535,True
"If a person is granted diplomatic immunity, they cannot be prosecuted for crimes.",A person is granted diplomatic immunity and they can be prosecuted for crimes.,1,.,-0.06971192359924316,-3.911497116088867,-3.841785192489624,False
"If a person is found in contempt of court, they can be fined or jailed.",A person is found in contempt of court and they cannot be fined or jailed.,1,.,-0.29527735710144043,-1.909940242767334,-1.6146628856658936,False
"If a person is found guilty of libel, they can be ordered to pay damages.",A person is found guilty of libel and they cannot be ordered to pay damages.,1,.,-1.154693841934204,-2.166163444519043,-1.0114696025848389,False
"If a person is found guilty of libel, they can be ordered to pay damages.","If a person is not found guilty of libel, they cannot be ordered to pay damages.",0,.,-1.016700267791748,-2.166163444519043,-1.149463176727295,False
"If a person is found guilty of embezzlement, they can be ordered to pay restitution.",A person is found guilty of embezzlement and they cannot be ordered to pay restitution.,1,.,-0.9607551693916321,-1.8862301111221313,-0.9254749417304993,False
"If you establish paternity, you will have legal rights to the child.",You establish paternity and you will not have legal rights to the child.,1,.,-0.061942338943481445,-1.0509285926818848,-0.9889862537384033,False
"If a person is found guilty of fraud, they can be ordered to pay restitution.","If a person is not found guilty of fraud, they cannot be ordered to pay restitution.",0,.,-0.7243462800979614,-1.743349313735962,-1.0190030336380005,False
"If a person is found guilty of perjury, they can be sentenced to jail.","If a person is not found guilty of perjury, they cannot be sentenced to jail.",0,.,-1.9023572206497192,-3.1348490715026855,-1.2324918508529663,False
"If payment isn't received by due date, services may be suspended.",Payment isn't received by due date and services aren't suspended.,1,.,-0.1851252317428589,-1.59959077835083,-1.4144655466079712,False
"If you sign the contract, you will receive benefits.",You sign the contract and you will not receive benefits.,1,.,-1.6654434204101562,-2.9442455768585205,-1.2788021564483643,False
"If a software bug is reported, it will be fixed within days",No software bugs are reported yet fixes are still made within days,0, days,1.8937582969665527,-4.7321648597717285,-6.625923156738281,True
"If the employee does not meet sales targets, commission rates will be adjusted.",The employee does not meet sales targets but their commission rates remain unchanged.,1,.,-1.1338136792182922,-1.8805592060089111,-0.7467455267906189,False
"If a person is found guilty of tax fraud, they can be ordered to pay back taxes.","If a person is not found guilty of tax fraud, they cannot be ordered to pay back taxes.",0,.,-1.1819285154342651,-2.387617349624634,-1.2056888341903687,False
"If a person is found guilty of racketeering, they can be sentenced to prison.",A person is found guilty of racketeering and they cannot be sentenced to prison.,1,.,-2.166822910308838,-3.2130627632141113,-1.0462398529052734,False
"If payment is received on time, late fees are waived.",Payment is received on time and late fees are not waived.,1,.,-0.40710973739624023,-0.7590930461883545,-0.35198330879211426,False
"If a person is found guilty of perjury, they can be sentenced to jail.",A person is found guilty of perjury and they cannot be sentenced to jail.,1,.,-1.8890472650527954,-3.1348490715026855,-1.2458018064498901,False
"If subcontractors are used, they must be approved by the client",Subcontractor is used but not approved by the client,1, client,-4.225836753845215,-8.464970588684082,-4.239133834838867,False
"If a person is found guilty of blackmail, they can be ordered to pay restitution.",A person is found guilty of blackmail and they cannot be ordered to pay restitution.,1,.,-0.6972416639328003,-1.632749319076538,-0.9355076551437378,False
The supplier must deliver goods on time for a discount to apply,The supplier delivers goods on time but no discount applies,1, apply,0.6493968963623047,-7.172398567199707,-7.821795463562012,True
"If you are subpoenaed, you must appear in court.",You are subpoenaed and you do not need to appear in court.,1,.,-0.8563181757926941,-1.804852843284607,-0.9485346674919128,False
"If a law is vague, it may be declared unconstitutional.",A law is vague and it is not declared unconstitutional.,1,.,0.06368911266326904,-0.9694281816482544,-1.0331172943115234,True
"If you adopt a child, you will have legal responsibility for their well-being.",You adopt a child and you will not have legal responsibility for their well-being.,1,.,-0.11440038681030273,-0.7491730451583862,-0.6347726583480835,False
"If a person is found guilty of tax evasion, they can be ordered to pay a fine.",A person is found guilty of tax evasion and they cannot be ordered to pay a fine.,1,.,-2.611657440662384,-3.3777999877929688,-0.7661425471305847,False
Force majeure events excuse both parties from their contractual obligations,Force majeure event happens and one party isn't excused from their obligations,1, obligations,3.5922718793153763,-0.19939129054546356,-3.79166316986084,True
"If a person is found guilty of fraud, they can be ordered to pay a fine.",A person is found guilty of fraud and they cannot be ordered to pay a fine.,1,.,-2.5044857263565063,-3.3370795249938965,-0.8325937986373901,False
All disputes arising out of this contract shall be resolved through arbitration,Dispute arises unrelated to contract but still goes through arbitration for resolution,0, arbitration,3.7903456687927246,-1.143012523651123,-4.933358192443848,True
"If you submit your timesheet on time, your salary will be processed.",You submit your timesheet on time and your salary will not be processed.,1,.,-0.8982453346252441,-2.613954782485962,-1.7157094478607178,False
"If you comply with company policies, you will have job security.","If you do not comply with company policies, you will have job security.",0,.,0.7900440692901611,-1.6536126136779785,-2.4436566829681396,True
"If a person is found guilty of identity theft, they can be sentenced to prison.","If a person is not found guilty of identity theft, they cannot be sentenced to prison.",0,.,-2.224461317062378,-3.1592347621917725,-0.9347734451293945,False
"If a law is passed, it becomes enforceable.","If a law is not passed, it does not become enforceable.",0,.,-0.5201166868209839,-1.645242691040039,-1.1251260042190552,False
"If an employer discriminates against an employee, they can be sued.",An employer discriminates against an employee and they cannot be sued.,1,.,0.03294658660888672,-2.1334939002990723,-2.166440486907959,True
"If you use your turn signals, other drivers will be aware of your intentions.","If you do not use your turn signals, other drivers will be aware of your intentions.",0,.,-0.020048856735229492,-0.9027390480041504,-0.8826901912689209,False
"If a party fails to meet obligations under this agreement, it may result in contract termination.",Both parties fulfill their obligations yet the contract gets terminated anyway.,0,.,-0.4617358446121216,-1.1972169876098633,-0.7354811429977417,False
"If a person is found guilty of forgery, they can be sentenced to prison.",A person is found guilty of forgery and they cannot be sentenced to prison.,1,.,-2.425346612930298,-3.484534740447998,-1.0591881275177002,False
"If a person is found guilty of obstruction of justice, they can be sentenced to prison.","If a person is not found guilty of obstruction of justice, they cannot be sentenced to prison.",0,.,-2.398584485054016,-3.40580153465271,-1.0072170495986938,False
Rent must be paid on the first day of each month or late fees apply,Rent is not paid on the first day but no late fee applies,0, apply,2.799980640411377,-3.6938552856445312,-6.493835926055908,True
"If a person is found guilty of kidnapping, they can be sentenced to prison.","If a person is not found guilty of kidnapping, they cannot be sentenced to prison.",0,.,-2.0450121760368347,-2.968714714050293,-0.9237025380134583,False
"If a person is found guilty of human trafficking, they can be sentenced to prison.",A person is found guilty of human trafficking and they cannot be sentenced to prison.,1,.,-2.0109035968780518,-2.996584177017212,-0.9856805801391602,False
"If a person is found guilty of tax fraud, they can be ordered to pay back taxes.",A person is found guilty of tax fraud and they cannot be ordered to pay back taxes.,1,.,-1.3069244623184204,-2.387617349624634,-1.0806928873062134,False
"If you maintain a safe distance from other vehicles, you will reduce the risk of collisions.",You maintain a safe distance from other vehicles and you will not reduce the risk of collisions.,1,.,-0.1706249713897705,-1.317523717880249,-1.1468987464904785,False
"If a client cancels the service within the trial period, no charges will be applied.",The client doesn't cancel during trial yet doesn't get charged afterward either.,0,.,-0.3085971474647522,-0.8923150300979614,-0.5837178826332092,False
A deposit refund will be given if cancellation occurs within days of booking.,Cancellation happens after day period but a refund is still provided for deposit payment.,0,.,-0.13490211963653564,-1.3092141151428223,-1.1743119955062866,False
"If someone is found guilty, they will be sentenced.","If someone is not found guilty, they are not sentenced.",0,.,-2.290067434310913,-4.37850284576416,-2.088435411453247,False
"If an author doesn't deliver their manuscript by the deadline, they may lose their advance payment.",An author misses their manuscript deadline but doesn't lose their advance payment.,1,.,0.128135085105896,-1.1101911067962646,-1.2383261919021606,True
"If a person is found guilty of embezzlement, they can be sentenced to prison.","If a person is not found guilty of embezzlement, they cannot be sentenced to prison.",0,.,-2.3095083236694336,-3.3072192668914795,-0.9977109432220459,False
"If a person is found guilty of tax evasion, they can be sentenced to prison.","If a person is not found guilty of tax evasion, they cannot be sentenced to prison.",0,.,-2.191093921661377,-3.1889586448669434,-0.9978647232055664,False
"If a student does not maintain satisfactory academic progress, financial aid may be revoked.",A student maintains satisfactory academic progress yet loses their financial aid anyway.,0,.,-0.4094908833503723,-1.073103427886963,-0.6636125445365906,False
"If a person is found guilty of securities fraud, they can be ordered to pay restitution.",A person is found guilty of securities fraud and they cannot be ordered to pay restitution.,1,.,-0.9016026854515076,-1.8410736322402954,-0.9394709467887878,False
"If a person is found guilty of hate crime, they can be sentenced to prison.","If a person is not found guilty of hate crime, they cannot be sentenced to prison.",0,.,-1.8169545531272888,-2.732917070388794,-0.9159625172615051,False
"If an employee is found to have violated non-compete terms, legal action may follow.",An employee violates non-compete terms and faces no legal action,1,.,10.26537811756134,-0.5314215421676636,-10.796799659729004,True
"If a person files a false insurance claim, they can be charged with fraud.",A person files a false insurance claim and they cannot be charged with fraud.,1,.,-0.14457476139068604,-1.4276882410049438,-1.2831134796142578,False
"If you are charged with a crime, you have the right to a lawyer.",You are charged with a crime and you do not have the right to a lawyer.,1,.,-0.36716142296791077,-0.7653798460960388,-0.39821842312812805,False
"If a person is charged with a crime, they have the right to a speedy trial.",A person is charged with a crime and they do not have the right to a speedy trial.,1,.,0.36915504932403564,-1.0077191591262817,-1.3768742084503174,True
"If a person is found in contempt of court, they can be fined or jailed.","If a person is not found in contempt of court, they cannot be fined or jailed.",0,.,-0.7762720584869385,-1.909940242767334,-1.1336681842803955,False
"If a person is found guilty of domestic violence, they can be issued a restraining order.","If a person is not found guilty of domestic violence, they cannot be issued a restraining order.",0,.,-0.5163363218307495,-1.6676892042160034,-1.151352882385254,False
"If a person is found guilty of domestic violence, they can be issued a restraining order.",A person is found guilty of domestic violence and they cannot be issued a restraining order.,1,.,-0.6251585483551025,-1.6676892042160034,-1.0425306558609009,False
"If you update your will, your estate will be distributed according to your wishes.","If you do not update your will, your estate will be distributed according to your wishes.",0,.,-0.04299044609069824,-0.5709187984466553,-0.527928352355957,False
The client may terminate the contract if services are unsatisfactory.,Services are unsatisfactory but the client doesn't terminate the contract.,1,.,-0.03945636749267578,-1.2180125713348389,-1.178556203842163,False
"If a dispute arises from this agreement, it will be resolved by mediation first.",A dispute arises from this agreement but it's taken directly to court without mediation first,1,.,-0.19436782598495483,-0.8794863820075989,-0.685118556022644,False
"If a person is arrested, they have the right to remain silent.","If a person is not arrested, they have the right to remain silent.",0,.,-0.08356666564941406,-1.4298264980316162,-1.3462598323822021,False
"If a person signs a contract, they are legally bound to fulfill its terms.",A person signs a contract and they are not legally bound to fulfill its terms.,1,.,-0.23074007034301758,-0.9243818521499634,-0.6936417818069458,False
"If a person is found guilty of blackmail, they can be ordered to pay restitution.","If a person is not found guilty of blackmail, they cannot be ordered to pay restitution.",0,.,-0.6282932758331299,-1.632749319076538,-1.0044560432434082,False
"If a person files a false insurance claim, they can be charged with fraud.","If a person does not file a false insurance claim, they cannot be charged with fraud.",0,.,-0.2975848913192749,-1.4276882410049438,-1.130103349685669,False
"If a person is found guilty of murder, they can be sentenced to life in prison.",A person is found guilty of murder and they cannot be sentenced to life in prison.,1,.,-0.3628826141357422,-1.4502480030059814,-1.0873653888702393,False
"If a person is found guilty of racketeering, they can be ordered to forfeit assets.",A person is found guilty of racketeering and they cannot be ordered to forfeit assets.,1,.,-1.152333378791809,-2.314560890197754,-1.1622275114059448,False
"If you file for divorce, the court will review your case.","If you do not file for divorce, the court will review your case.",0,.,-0.14824748039245605,-1.678816795349121,-1.530569314956665,False
The buyer must inspect the goods upon delivery and report any defects within hours.,The buyer inspects the goods but does not report defects within the required hour window.,1,.,-0.7694435715675354,-1.7478951215744019,-0.9784515500068665,False
"If a person is found guilty of hacking, they can be sentenced to prison.",A person is found guilty of hacking and they cannot be sentenced to prison.,1,.,-1.9317816495895386,-3.060476779937744,-1.1286951303482056,False
"If someone testifies falsely, they are guilty of perjury.",Someone testifies falsely and they are not guilty of perjury.,1,.,0.04205155372619629,-0.6536685228347778,-0.6957200765609741,True
The contractor must obtain necessary permits before starting work on-site.,The contractor starts work on-site without obtaining necessary permits.,1,.,0.7182600498199463,-0.9339562654495239,-1.6522163152694702,True
"If a person has a restraining order against them, they must stay away from the protected party.","If a person does not have a restraining order against them, they do not need to stay away from the protected party.",0,.,-0.5455509424209595,-1.7624084949493408,-1.2168575525283813,False
"If the restaurant's food safety rating falls below a certain threshold, it may be shut down.",The restaurant maintains a high food safety rating yet is still forced to close without explanation.,0,.,-0.16979968547821045,-0.9132672548294067,-0.7434675693511963,False
"If any party breaches this agreement, it can be terminated immediately",A party breaches this agreement but it isn't terminated immediately,1, immediately,1.9530484676361084,-3.0836822986602783,-5.036730766296387,True
"If a person is found guilty of animal cruelty, they can be ordered to pay a fine.",A person is found guilty of animal cruelty and they cannot be ordered to pay a fine.,1,.,-2.589522421360016,-3.336752414703369,-0.7472299933433533,False
"If a speaker cancels their conference appearance, a replacement will be arranged.",The speaker doesn't cancel their appearance but the organizer still arranges an unnecessary replacement.,0,.,-0.16821277141571045,-1.2344733476638794,-1.066260576248169,False
"If you attend family therapy, your relationships may improve.","If you do not attend family therapy, your relationships may improve.",0,.,-0.1346677541732788,-1.1436039209365845,-1.0089361667633057,False
"If you meet your sales targets, you will receive a bonus.","If you do not meet your sales targets, you will receive a bonus.",0,.,-0.25341272354125977,-2.49873423576355,-2.24532151222229,False
"If you drive under the influence of alcohol, your license will be suspended.","If you do not drive under the influence of alcohol, your license will be suspended.",0,.,-0.1339280605316162,-1.3831150531768799,-1.2491869926452637,False
"If a witness is credible, their testimony is reliable.",A witness is credible and their testimony is not reliable.,1,.,-0.15211641788482666,-0.7461519241333008,-0.5940355062484741,False
The buyer must inspect the goods upon delivery and report any defects within hours.,The buyer reports defects even though they inspected and found no issues with delivered goods.,0,.,-1.2422068119049072,-1.7478951215744019,-0.5056883096694946,False
"If a person is found guilty of counterfeiting, they can be ordered to pay restitution.","If a person is not found guilty of counterfeiting, they cannot be ordered to pay restitution.",0,.,-0.8033761978149414,-1.8288654088974,-1.0254892110824585,False
"If a person is found not guilty by reason of insanity, they can be committed to a mental institution.",A person is found not guilty by reason of insanity and they cannot be committed to a mental institution.,1,.,-0.2076621651649475,-1.1449923515319824,-0.9373301863670349,False
Changes to project scope require written approval from both parties,Changes occur to project scope without written approval from both parties,1, parties,-0.6564254760742188,-4.4715776443481445,-3.815152168273926,False
"If you pay child support, the child's needs will be financially covered.","If you do not pay child support, the child's needs will be financially covered.",0,.,0.10256147384643555,-1.132165789604187,-1.2347272634506226,True
"If you steal something, you are a thief.","If you do not steal something, you are not a thief.",0,.,-0.0007787942886352539,-0.5777776837348938,-0.5769988894462585,False
A deposit refund will be given if cancellation occurs within days of booking.,Cancellation occurs within days and no deposit refund is given.,1,.,-0.45693105459213257,-1.3092141151428223,-0.8522830605506897,False
"If a person is found guilty of a misdemeanor, they can be sentenced to jail.",A person is found guilty of a misdemeanor and they cannot be sentenced to jail.,1,.,-2.0605071783065796,-3.4723587036132812,-1.4118515253067017,False
"If a contract is breached, the injured party can sue.","If a contract is not breached, the injured party can sue.",0,.,-0.11699628829956055,-3.4900569915771484,-3.373060703277588,False
"If a person is found guilty of credit card fraud, they can be ordered to pay restitution.",A person is found guilty of credit card fraud and they cannot be ordered to pay restitution.,1,.,-0.9278010129928589,-1.8346987962722778,-0.906897783279419,False
"If a person is found guilty of conspiracy, they can be sentenced to prison.",A person is found guilty of conspiracy and they cannot be sentenced to prison.,1,.,-2.075385570526123,-3.3394360542297363,-1.2640504837036133,False
"If a person is found guilty of hate crime, they can be sentenced to prison.",A person is found guilty of hate crime and they cannot be sentenced to prison.,1,.,-1.6599788665771484,-2.732917070388794,-1.0729382038116455,False
"If a person is found guilty of child abuse, they can lose custody of their child.",A person is found guilty of child abuse and they cannot lose custody of their child.,1,.,-0.38167452812194824,-1.668389916419983,-1.2867153882980347,False
"If a person is found guilty of copyright infringement, they can be ordered to pay damages.","If a person is not found guilty of copyright infringement, they cannot be ordered to pay damages.",0,.,-1.1943836212158203,-2.2917280197143555,-1.0973443984985352,False
The business shall provide proper safety training to employees,Business provides safety training but it's deemed improper by standards,1, employees,3.6253271102905273,-2.108725070953369,-5.7340521812438965,True
Rent must be paid on the first day of each month or late fees apply,Rent is paid on the first day of the month and late fees still apply,1, apply,-3.6175079867243767,-3.6938552856445312,-0.07634729892015457,False
"If a refund request is submitted before product delivery, a full refund will be issued",Refund request submitted after product delivery and still a full refund gets issued,0, issued,3.4372116327285767,-1.6838964223861694,-5.121108055114746,True
"If a person is found guilty of obstruction of justice, they can be sentenced to prison.",A person is found guilty of obstruction of justice and they cannot be sentenced to prison.,1,.,-2.360419511795044,-3.40580153465271,-1.045382022857666,False
"If both parties agree to an extension, deadlines can be extended","If one party does not agree to an extension, deadlines cannot be extended",0, extended,2.180722236633301,-2.39381742477417,-4.574539661407471,True
"If the employee does not meet sales targets, commission rates will be adjusted.",The employee meets or exceeds sales targets yet their commission rates are still adjusted downward.,0,.,-0.7688338756561279,-1.8805592060089111,-1.1117253303527832,False
"If a person is found guilty of selling counterfeit goods, they can be ordered to pay restitution.","If a person is not found guilty of selling counterfeit goods, they cannot be ordered to pay restitution.",0,.,-0.7629984617233276,-1.809749960899353,-1.0467514991760254,False
"If a person is found guilty of assault, they can be ordered to pay damages.",A person is found guilty of assault and they cannot be ordered to pay damages.,1,.,-1.021651268005371,-2.0857133865356445,-1.0640621185302734,False
"If a defendant is acquitted, they cannot be retried for the same crime.",A defendant is acquitted and they can be retried for the same crime.,1,.,0.022333621978759766,-0.950559139251709,-0.9728927612304688,True
"If a person is evicted, they must leave their residence.",A person is evicted and they do not need to leave their residence.,1,.,-0.3838609457015991,-2.083197593688965,-1.6993366479873657,False
"If a person is found guilty of intellectual property theft, they can be ordered to pay damages.","If a person is not found guilty of intellectual property theft, they cannot be ordered to pay damages.",0,.,-1.0752875804901123,-2.2662153244018555,-1.1909277439117432,False
"If you have joint custody, you will share decision-making responsibilities.","If you do not have joint custody, you will share decision-making responsibilities.",0,.,-0.05096602439880371,-2.5897645950317383,-2.5387985706329346,False
"If a borrower defaults on their loan, the lender may seize collateral.",The borrower defaults on their loan but the lender does not seize collateral.,1,.,-1.255238652229309,-2.6157307624816895,-1.3604921102523804,False
The business shall provide proper safety training to employees,No safety training provided yet employees already have proper skills in place,0, employees,7.849974155426025,-2.108725070953369,-9.958699226379395,True
Studying hard will result in good grades,Studying hard but not getting good grades,1, grades,-0.10252052545547485,-0.6115409135818481,-0.5090203881263733,False
"If a person is found guilty of securities fraud, they can be ordered to pay restitution.","If a person is not found guilty of securities fraud, they cannot be ordered to pay restitution.",0,.,-0.7399119138717651,-1.8410736322402954,-1.1011617183685303,False
"If the work isn't completed in time, penalties apply.",The work is completed on time yet penalties still apply.,0,.,0.3335636258125305,-0.84046870470047,-1.1740323305130005,True
"If a person is evicted, they must leave their residence.","If a person is not evicted, they do not need to leave their residence.",0,.,-0.6526002883911133,-2.083197593688965,-1.4305973052978516,False
"If a person commits a crime, they will be punished.","If a person does not commit a crime, they are punished.",0,.,0.10162591934204102,-2.924654483795166,-3.026280403137207,True
"If a customer finds a lower price elsewhere within days, the store will match the price.",The customer doesn't find any lower prices elsewhere but still requests a price reduction.,0,.,-0.7415538430213928,-1.667229175567627,-0.9256753325462341,False
"If you maintain a safe distance from other vehicles, you will reduce the risk of collisions.","If you do not maintain a safe distance from other vehicles, you will reduce the risk of collisions.",0,.,-0.11203563213348389,-1.317523717880249,-1.2054880857467651,False
"If a person is found guilty of kidnapping, they can be sentenced to prison.",A person is found guilty of kidnapping and they cannot be sentenced to prison.,1,.,-1.8533291816711426,-2.968714714050293,-1.1153855323791504,False
"If a client cancels the service within the trial period, no charges will be applied.",The client cancels the service within the trial period but still gets charged.,1,.,1.7884520292282104,-0.8923150300979614,-2.680767059326172,True
"If a person is convicted of a crime, they have a criminal record.",A person is convicted of a crime and they do not have a criminal record.,1,.,-0.31684809923171997,-1.14841890335083,-0.8315708041191101,False
"If a dispute arises from this agreement, it will be resolved by mediation first.",No dispute arises from this agreement yet parties still engage in mediation,0,.,7.488968551158905,-0.8794863820075989,-8.368454933166504,True
"If subcontractors are used, they must be approved by the client",No subcontractors are used but still need approval from the client,0, client,-0.9535589218139648,-8.464970588684082,-7.511411666870117,False
"If a person is found guilty of racketeering, they can be sentenced to prison.","If a person is not found guilty of racketeering, they cannot be sentenced to prison.",0,.,-2.2592427730560303,-3.2130627632141113,-0.953819990158081,False
"If a person is found guilty of insider trading, they can be sentenced to prison.",A person is found guilty of insider trading and they cannot be sentenced to prison.,1,.,-1.8017387986183167,-2.7817018032073975,-0.9799630045890808,False
Changes to project scope require written approval from both parties,No changes occur to project scope but still need written approval from both parties,0, parties,-0.9971911907196045,-4.4715776443481445,-3.47438645362854,False
"If you exercise regularly and eat healthy, you will lose weight","If you don't exercise regularly and eat healthy, you will lose weight",0, weight,-0.13311177492141724,-0.7674017548561096,-0.6342899799346924,False
"If a refund request is submitted before product delivery, a full refund will be issued",Refund request submitted before product delivery but no refund issued,1, issued,4.2912517786026,-1.6838964223861694,-5.9751482009887695,True
"If a person is found guilty of smuggling, they can be sentenced to prison.","If a person is not found guilty of smuggling, they cannot be sentenced to prison.",0,.,-2.143040418624878,-3.0770161151885986,-0.9339756965637207,False
"If a person is found guilty of animal cruelty, they can be ordered to pay a fine.","If a person is not found guilty of animal cruelty, they cannot be ordered to pay a fine.",0,.,-2.3280798196792603,-3.336752414703369,-1.0086725950241089,False
"If you park in a no-parking zone, your car will be towed.","If you do not park in a no-parking zone, your car will be towed.",0,.,-0.16230034828186035,-1.5525660514831543,-1.390265703201294,False
"If a person is found guilty of arson, they can be sentenced to prison.","If a person is not found guilty of arson, they cannot be sentenced to prison.",0,.,-2.2980453968048096,-3.2510786056518555,-0.9530332088470459,False
"If a person is held in contempt of court, they can be punished.","If a person is not held in contempt of court, they are not punished.",0,.,-2.660614848136902,-4.546154499053955,-1.8855396509170532,False
"If a person is found guilty of tax evasion, they can be sentenced to prison.",A person is found guilty of tax evasion and they cannot be sentenced to prison.,1,.,-2.105228066444397,-3.1889586448669434,-1.0837305784225464,False
"If a person is found guilty of trespassing, they can be ordered to pay a fine.",A person is found guilty of trespassing and they cannot be ordered to pay a fine.,1,.,-2.641973853111267,-3.428532600402832,-0.7865587472915649,False
"If termination occurs without cause, a severance package will be provided.",Termination occurs with cause and still a severance package is provided.,0,.,-0.6813657283782959,-1.9370938539505005,-1.2557281255722046,False
"If a person is convicted of a felony, they lose certain rights.",A person is convicted of a felony and they do not lose certain rights.,1,.,-0.09255421161651611,-1.8255293369293213,-1.7329751253128052,False
"If an author doesn't deliver their manuscript by the deadline, they may lose their advance payment.",An author delivers their manuscript on time yet still loses their advance payment for no apparent reason.,0,.,-0.5639682412147522,-1.1101911067962646,-0.5462228655815125,False
"If a person is granted power of attorney, they can make decisions on behalf of another person.",A person is granted power of attorney and they cannot make decisions on behalf of another person.,1,.,-0.7506471872329712,-2.1627705097198486,-1.4121233224868774,False
"If a search warrant is issued, it must be based on probable cause.","If a search warrant is not issued, it does not need to be based on probable cause.",0,.,-0.3732619881629944,-1.1193408966064453,-0.7460789084434509,False
"If a person is found guilty of racketeering, they can be ordered to forfeit assets.","If a person is not found guilty of racketeering, they cannot be ordered to forfeit assets.",0,.,-0.8531925678253174,-2.314560890197754,-1.4613683223724365,False
"If a person is under arrest, they must be read their Miranda rights.","If a person is not under arrest, they do not need to be read their Miranda rights.",0,.,-0.3079410791397095,-1.3385385274887085,-1.030597448348999,False
"If a person is found guilty of drug possession, they can be sentenced to prison.","If a person is not found guilty of drug possession, they cannot be sentenced to prison.",0,.,-2.27718847990036,-3.2157304286956787,-0.9385419487953186,False
"If a party fails to meet obligations under this agreement, it may result in contract termination.",A party fails to meet obligations and the contract isn't terminated.,1,.,0.32195472717285156,-1.1972169876098633,-1.5191717147827148,True
"If a defendant is acquitted, they cannot be retried for the same crime.","If a defendant is not acquitted, they cannot be retried for the same crime.",0,.,-0.07260555028915405,-0.950559139251709,-0.8779535889625549,False
Taking breaks during work increases productivity,Not taking breaks during work increases productivity,0, productivity,-0.5716140270233154,-3.2167251110076904,-2.645111083984375,False
"If a search warrant is issued, it must be based on probable cause.",A search warrant is issued and it is not based on probable cause.,1,.,-0.260231077671051,-1.1193408966064453,-0.8591098189353943,False
"If a person is found guilty of embezzlement, they can be sentenced to prison.",A person is found guilty of embezzlement and they cannot be sentenced to prison.,1,.,-2.2409825325012207,-3.3072192668914795,-1.0662367343902588,False
"If a person is found guilty of money laundering, they can be ordered to pay a fine.","If a person is not found guilty of money laundering, they cannot be ordered to pay a fine.",0,.,-2.364753484725952,-3.461240530014038,-1.096487045288086,False
"If a person is found guilty of forgery, they can be ordered to pay restitution.","If a person is not found guilty of forgery, they cannot be ordered to pay restitution.",0,.,-0.867292046546936,-1.9995124340057373,-1.1322203874588013,False
"If you park in a no-parking zone, your car will be towed.",You park in a no-parking zone and your car will not be towed.,1,.,-0.8218041062355042,-1.5525660514831543,-0.7307619452476501,False
"If a person is convicted of a felony, they lose certain rights.","If a person is not convicted of a felony, they do not lose certain rights.",0,.,-0.12621521949768066,-1.8255293369293213,-1.6993141174316406,False
"If you have joint custody, you will share decision-making responsibilities.",You have joint custody and you will not share decision-making responsibilities.,1,.,-0.5748310089111328,-2.5897645950317383,-2.0149335861206055,False
"If a person is found guilty of mortgage fraud, they can be ordered to pay restitution.",A person is found guilty of mortgage fraud and they cannot be ordered to pay restitution.,1,.,-0.9214596748352051,-1.827663779258728,-0.906204104423523,False
"If a party fails to provide notice of termination, automatic renewal occurs",A party provides proper notice of termination but still faces automatic renewal.,0, occurs,4.484871864318848,-9.017354011535645,-13.502225875854492,True
All disputes arising out of this contract shall be resolved through arbitration,Dispute arises out of contract yet isn't resolved through arbitration,1, arbitration,1.4130442142486572,-1.143012523651123,-2.5560567378997803,True
"If a person is found guilty of mail fraud, they can be sentenced to prison.","If a person is not found guilty of mail fraud, they cannot be sentenced to prison.",0,.,-2.1069478392601013,-3.039271354675293,-0.9323235154151917,False
"If a person is found guilty of conspiracy, they can be sentenced to prison.","If a person is not found guilty of conspiracy, they cannot be sentenced to prison.",0,.,-2.322532057762146,-3.3394360542297363,-1.0169039964675903,False
"If a person is found guilty of bribery, they can be ordered to pay a fine.","If a person is not found guilty of bribery, they cannot be ordered to pay a fine.",0,.,-2.2572526931762695,-3.2878832817077637,-1.0306305885314941,False
"If a person is found guilty of computer hacking, they can be ordered to pay restitution.",A person is found guilty of computer hacking and they cannot be ordered to pay restitution.,1,.,-0.8814120292663574,-1.783086895942688,-0.9016748666763306,False
"If a person is found guilty of harassment, they can be issued a restraining order.",A person is found guilty of harassment and they cannot be issued a restraining order.,1,.,-0.5410425662994385,-1.6314616203308105,-1.090419054031372,False
"If the client is not satisfied with the final product, revisions will be made.",The client is satisfied with the final product but requests revisions anyway.,0,.,-1.5887318551540375,-2.0437512397766113,-0.45501938462257385,False
"If a person is found guilty of bribery, they can be ordered to pay a fine.",A person is found guilty of bribery and they cannot be ordered to pay a fine.,1,.,-2.524649739265442,-3.2878832817077637,-0.7632335424423218,False
"If a witness is credible, their testimony is reliable.","If a witness is not credible, their testimony is not reliable.",0,.,-0.059311866760253906,-0.7461519241333008,-0.6868400573730469,False
"If a person is found guilty of stalking, they can be issued a restraining order.","If a person is not found guilty of stalking, they cannot be issued a restraining order.",0,.,-0.4612802267074585,-1.6789144277572632,-1.2176342010498047,False
"If a tenant breaks any lease terms, eviction proceedings may commence.",A tenant breaks lease terms but eviction proceedings do not commence.,1,.,-0.018271923065185547,-2.0506129264831543,-2.0323410034179688,False
"If you update your will, your estate will be distributed according to your wishes.",You update your will and your estate will not be distributed according to your wishes.,1,.,-0.06877642869949341,-0.5709187984466553,-0.5021423697471619,False
"If a person is found guilty of forgery, they can be sentenced to prison.","If a person is not found guilty of forgery, they cannot be sentenced to prison.",0,.,-2.3822784423828125,-3.484534740447998,-1.1022562980651855,False
"If a person is granted parole, they can be released from prison early.","If a person is not granted parole, they cannot be released from prison early.",0,.,-0.5162050724029541,-1.9177606105804443,-1.4015555381774902,False
"If a person commits a crime, they will be punished.",A person commits a crime and they are not punished.,1,.,-1.134711503982544,-2.924654483795166,-1.789942979812622,False
"If a person is granted parole, they can be released from prison early.",A person is granted parole and they cannot be released from prison early.,1,.,-0.6619713306427002,-1.9177606105804443,-1.2557892799377441,False
"If a person is found guilty of mortgage fraud, they can be ordered to pay restitution.","If a person is not found guilty of mortgage fraud, they cannot be ordered to pay restitution.",0,.,-0.7744191884994507,-1.827663779258728,-1.0532445907592773,False
"If a person signs a contract, they are legally bound to fulfill its terms.","If a person does not sign a contract, they are not legally bound to fulfill its terms.",0,.,-0.2828493118286133,-0.9243818521499634,-0.6415325403213501,False
"If a person is found guilty of human trafficking, they can be sentenced to prison.","If a person is not found guilty of human trafficking, they cannot be sentenced to prison.",0,.,-2.1205520629882812,-2.996584177017212,-0.8760321140289307,False
"If any party breaches this agreement, it can be terminated immediately",No parties breach this agreement yet it's still terminated immediately,0, immediately,1.4927098751068115,-3.0836822986602783,-4.57639217376709,True
Saving money consistently will help you build wealth,Not saving money consistently will help you build wealth,0, wealth,0.7755610942840576,-3.504321813583374,-4.279882907867432,True
Licenses granted under this agreement shall remain valid unless revoked in writing by licensor,Licenses remain valid even after being revoked in writing by licensor,1,or,0.5907759368419647,-0.33268365263938904,-0.9234595894813538,True
"If a law is unconstitutional, it will be struck down.",A law is unconstitutional and it is not struck down.,1,.,-0.2915494441986084,-1.4016571044921875,-1.110107660293579,False
"If the restaurant's food safety rating falls below a certain threshold, it may be shut down.",The restaurant's food safety rating falls below the threshold but it isn't shut down.,1,.,0.35569822788238525,-0.9132672548294067,-1.268965482711792,True
"If payment isn't received by due date, services may be suspended.",Payment is received by due date but services get suspended anyway.,0,.,-0.9036805629730225,-1.59959077835083,-0.6959102153778076,False
"If a person is found guilty of copyright infringement, they can be ordered to pay damages.",A person is found guilty of copyright infringement and they cannot be ordered to pay damages.,1,.,-1.4116787910461426,-2.2917280197143555,-0.8800492286682129,False
"If a person is found guilty of wage theft, they can be ordered to pay back wages.","If a person is not found guilty of wage theft, they cannot be ordered to pay back wages.",0,.,-1.357810616493225,-2.8256003856658936,-1.4677897691726685,False
"If you follow traffic signals, you will avoid accidents.","If you do not follow traffic signals, you will avoid accidents.",0,.,-0.11841678619384766,-1.2006406784057617,-1.082223892211914,False
"If you exceed the speed limit, you will be fined.","If you do not exceed the speed limit, you will be fined.",0,.,0.2737917900085449,-2.376800775527954,-2.650592565536499,True
"If a party fails to provide notice of termination, automatic renewal occurs",A party fails to provide notice of termination and no automatic renewal occurs.,1, occurs,3.056793212890625,-9.017354011535645,-12.07414722442627,True
"If a person is granted asylum, they can stay in the country legally.","If a person is not granted asylum, they cannot stay in the country legally.",0,.,-0.817681074142456,-2.0874743461608887,-1.2697932720184326,False
"If the client provides all necessary documents, the process is expedited.",The client does not provide all necessary documents and yet the process is expedited.,0,.,-0.2586008310317993,-1.2897377014160156,-1.0311368703842163,False
"If software license fees are not paid annually, access to the software may be revoked.",Software license fees are paid on time yet access to the software is still revoked without reason.,0,.,-0.4615459740161896,-0.9004565477371216,-0.438910573720932,False
"If you obey the traffic rules, you will not be fined.","If you do not obey the traffic rules, you will not be fined.",0,.,0.0007641911506652832,-0.9085205793380737,-0.909284770488739,True
"If an employee is found to have violated non-compete terms, legal action may follow.",An employee complies with non-compete terms but still faces legal action,0,.,8.935089230537415,-0.5314215421676636,-9.466510772705078,True
"If a person is found guilty of DUI, their driver's license can be suspended.","If a person is not found guilty of DUI, their driver's license is not suspended.",0,.,-0.981998085975647,-2.3613877296447754,-1.3793896436691284,False
"If a person is granted diplomatic immunity, they cannot be prosecuted for crimes.","If a person is not granted diplomatic immunity, they can be prosecuted for crimes.",0,.,-0.016491413116455078,-3.911497116088867,-3.895005702972412,False
"If a person is found guilty of bank robbery, they can be sentenced to prison.",A person is found guilty of bank robbery and they cannot be sentenced to prison.,1,.,-2.0790903568267822,-3.160193681716919,-1.0811033248901367,False
"If a person is found guilty of assault, they can be ordered to pay damages.","If a person is not found guilty of assault, they cannot be ordered to pay damages.",0,.,-0.9562212228775024,-2.0857133865356445,-1.129492163658142,False
"If you establish paternity, you will have legal rights to the child.","If you do not establish paternity, you will have legal rights to the child.",0,.,0.023863554000854492,-1.0509285926818848,-1.0747921466827393,True
"If an employer discriminates against an employee, they can be sued.","If an employer does not discriminate against an employee, they cannot be sued.",0,.,0.25964832305908203,-2.1334939002990723,-2.3931422233581543,True
"If you sign the contract, you will receive benefits.","If you do not sign the contract, you will receive benefits.",0,.,-0.40488767623901367,-2.9442455768585205,-2.539357900619507,False
"If you provide a medical certificate, you will be granted sick leave.","If you do not provide a medical certificate, you will be granted sick leave.",0,.,-0.2281041145324707,-1.3132330179214478,-1.085128903388977,False
"If a person has a restraining order against them, they must stay away from the protected party.",A person has a restraining order against them and they do not need to stay away from the protected party.,1,.,-0.6245218515396118,-1.7624084949493408,-1.137886643409729,False
"If a person is found guilty beyond a reasonable doubt, they can be convicted.",A person is found guilty beyond a reasonable doubt and they cannot be convicted.,1,.,-1.5595617294311523,-4.648562908172607,-3.089001178741455,False
"If a person is found guilty beyond a reasonable doubt, they can be convicted.","If a person is not found guilty beyond a reasonable doubt, they cannot be convicted.",0,.,-2.3428893089294434,-4.648562908172607,-2.305673599243164,False
"If a person is found guilty of money laundering, they can be sentenced to prison.",A person is found guilty of money laundering and they cannot be sentenced to prison.,1,.,-2.246521234512329,-3.3706984519958496,-1.1241772174835205,False
"If a person is found guilty of identity theft, they can be ordered to pay restitution.","If a person is not found guilty of identity theft, they cannot be ordered to pay restitution.",0,.,-0.8046168088912964,-1.8939672708511353,-1.0893504619598389,False
"If you provide evidence of abuse, the court may grant a restraining order.",You provide evidence of abuse and the court may not grant a restraining order.,1,.,-0.49297213554382324,-1.9225252866744995,-1.4295531511306763,False
"If a person is found not guilty by reason of insanity, they can be committed to a mental institution.","If a person is not found not guilty by reason of insanity, they cannot be committed to a mental institution.",0,.,-0.18353325128555298,-1.1449923515319824,-0.9614591002464294,False
The provider must give days' notice before terminating the contract.,The provider gives less than days' notice before terminating the contract.,1,.,0.02248227596282959,-1.1252455711364746,-1.1477278470993042,True
"If a person files a frivolous lawsuit, it can be dismissed.","If a person does not file a frivolous lawsuit, it is not dismissed.",0,.,-0.7488617897033691,-1.8144237995147705,-1.0655620098114014,False
"If a person is charged with a crime, they have the right to a speedy trial.","If a person is not charged with a crime, they do not have the right to a speedy trial.",0,.,-0.12120401859283447,-1.0077191591262817,-0.8865151405334473,False
"If a person is found guilty of stalking, they can be issued a restraining order.",A person is found guilty of stalking and they cannot be issued a restraining order.,1,.,-0.575165867805481,-1.6789144277572632,-1.1037485599517822,False
"If you use your turn signals, other drivers will be aware of your intentions.",You use your turn signals and other drivers will not be aware of your intentions.,1,.,-0.12882161140441895,-0.9027390480041504,-0.7739174365997314,False
The supplier must deliver goods on time for a discount to apply,The supplier does not deliver goods on time but still gets a discount,0, apply,5.846362113952637,-7.172398567199707,-13.018760681152344,True
"If you follow the visitation schedule, you can maintain a relationship with your child.",You follow the visitation schedule and you cannot maintain a relationship with your child.,1,.,-0.5056248903274536,-1.933783769607544,-1.4281588792800903,False
"If you adopt a child, you will have legal responsibility for their well-being.","If you do not adopt a child, you will have legal responsibility for their well-being.",0,.,-0.0003413558006286621,-0.7491730451583862,-0.7488316893577576,False
"If a person is arrested, they have the right to remain silent.",A person is arrested and they do not have the right to remain silent.,1,.,0.2961611747741699,-1.4298264980316162,-1.7259876728057861,True
"If a student does not maintain satisfactory academic progress, financial aid may be revoked.",A student does not maintain satisfactory academic progress but keeps receiving financial aid.,1,.,0.7897984981536865,-1.073103427886963,-1.8629019260406494,True
"If a person files a frivolous lawsuit, it can be dismissed.",A person files a frivolous lawsuit and it is not dismissed.,1,.,-0.8183765411376953,-1.8144237995147705,-0.9960472583770752,False
"If materials delivered are defective or damaged, they'll be replaced at no cost",Materials arrive in perfect condition and still get replaced for free,0, cost,6.705589830875397,-0.8648905158042908,-7.5704803466796875,True
"If a person is found guilty of vandalism, they can be ordered to pay restitution.","If a person is not found guilty of vandalism, they cannot be ordered to pay restitution.",0,.,-0.7105613946914673,-1.6470072269439697,-0.9364458322525024,False
